orig_texts	orig_labels	orig_predictions	orig_z	edits_texts	edits_labels	edits_predictions	edits_z_pre	edits_z_pos
▁If ▁you ▁have n ' t ▁seen ▁this , ▁it ' s ▁terrible . ▁It ▁is ▁pure ▁trash . ▁I ▁saw ▁this ▁about ▁17 ▁years ▁ago , ▁and ▁I ' m ▁still ▁screw e d ▁up ▁from ▁it . </s>	0	0	[0.0, 0.0, 0.0, 1.0, 1.0, 0.0, 0.0, 1.0, 1.0, 1.0, 0.0, 0.0, 1.0, 1.0, 0.0, 0.0, 1.0, 1.0, 0.0, 0.0, 0.0, 0.0, 0.0, 1.0, 0.0, 0.0, 1.0, 0.0, 0.0, 0.0, 0.0, 1.0, 0.0, 0.0, 0.0, 0.0, 0.0, 0.0, 0.0, 0.0]	▁If ▁you ▁have n ' t ▁seen ▁this ▁movie , ▁it ' s ▁ a ▁good ▁movie . ▁It ▁is ▁great . ▁I ▁saw ▁this ▁about ▁5 ▁years ▁ago , ▁and ▁I ' m ▁not ▁screw e d ▁up ▁from ▁it . </s>	1	1	[0, 0, 0, 1, 1, 0, 0, 1, 1, 1, 1, 0, 0, 1, 1, 1, 1, 1, 0, 0, 1, 0, 0, 0, 0, 0, 1, 0, 0, 1, 0, 0, 0, 0, 1, 0, 0, 0, 0, 0, 0, 0, 0]	[0.0, 0.0, 1.0, 1.0, 1.0, 0.0, 0.0, 1.0, 1.0, 1.0, 0.0, 0.0, 0.0, 0.0, 1.0, 1.0, 1.0, 1.0, 0.0, 0.0, 1.0, 0.0, 0.0, 0.0, 0.0, 0.0, 1.0, 0.0, 0.0, 1.0, 0.0, 0.0, 0.0, 0.0, 0.0, 0.0, 0.0, 0.0, 0.0, 0.0, 0.0, 0.0, 0.0]
▁being ▁ a ▁ NI ▁support er , ▁it ' s ▁hard ▁to ▁objective ly ▁review ▁ a ▁movie ▁glorif ying ▁ ul ster ▁national ist s . ▁characters ▁who ▁are ▁hard ▁to ▁root ▁for , ▁typical ▁heavy - handed ▁anti - viol ence ▁messages , ▁and ▁ a ▁predictable ▁ ' p o etic ▁justice ' ▁ending ▁makes ▁this ▁an ▁awkward ▁watch ... </s>	0	0	[0.0, 0.0, 1.0, 1.0, 1.0, 0.0, 1.0, 1.0, 0.0, 0.0, 0.0, 1.0, 0.0, 0.0, 0.0, 0.0, 0.0, 1.0, 1.0, 0.0, 0.0, 0.0, 0.0, 0.0, 0.0, 0.0, 0.0, 0.0, 1.0, 1.0, 0.0, 1.0, 0.0, 0.0, 1.0, 1.0, 1.0, 0.0, 0.0, 0.0, 0.0, 0.0, 0.0, 0.0, 0.0, 0.0, 0.0, 0.0, 1.0, 1.0, 0.0, 0.0, 0.0, 0.0, 0.0, 0.0, 0.0, 1.0, 1.0, 0.0, 1.0, 1.0, 0.0, 0.0, 0.0]	▁being ▁ a ▁great ▁movie ▁to ▁support , ▁it ' s ▁hard ▁to ▁objective ly ▁review ▁ a ▁movie ▁glorif ying ▁ ul ster ▁national ist s . ▁The ▁actors ▁are ▁willing ▁to ▁root ▁for ▁heavy - handed ▁anti - viol ence ▁messages , ▁and ▁ a ▁ ' p o etic ▁justice ' ▁movie , ▁this ▁is ▁an ▁excellent ▁film ▁to ▁watch ... </s>	1	1	[0, 0, 1, 1, 1, 1, 0, 1, 0, 0, 0, 1, 0, 0, 0, 0, 0, 1, 1, 0, 0, 0, 0, 0, 0, 0, 0, 0, 1, 1, 0, 1, 0, 0, 1, 0, 0, 0, 0, 0, 0, 0, 0, 0, 0, 0, 1, 0, 0, 0, 0, 0, 0, 0, 1, 1, 0, 1, 1, 1, 1, 1, 0, 0, 0]	[1.0, 0.0, 1.0, 1.0, 1.0, 1.0, 0.0, 1.0, 0.0, 0.0, 0.0, 1.0, 0.0, 0.0, 0.0, 0.0, 0.0, 1.0, 1.0, 0.0, 0.0, 0.0, 0.0, 0.0, 0.0, 0.0, 0.0, 0.0, 1.0, 1.0, 0.0, 1.0, 0.0, 1.0, 1.0, 0.0, 0.0, 0.0, 0.0, 0.0, 0.0, 0.0, 0.0, 0.0, 0.0, 0.0, 1.0, 0.0, 0.0, 0.0, 0.0, 0.0, 0.0, 0.0, 1.0, 1.0, 0.0, 0.0, 1.0, 1.0, 1.0, 0.0, 0.0, 0.0, 0.0]
▁Nine ▁minutes ▁of ▁ psych edel ic , ▁ pul s ating , ▁often ▁ symmetric ▁abstract ▁images , ▁are ▁enough ▁to ▁drive ▁anyone ▁crazy . ▁I ▁did ▁spot ▁ a ▁full - frame ▁eye ▁at ▁the ▁start , ▁and ▁later ▁some ▁birds ▁silhouette d ▁against ▁other ▁colors . ▁It ▁was ▁just ▁not ▁my ▁cup ▁of ▁tea . ▁It ' s ▁about ▁ 81 <unk> 2 ▁minutes ▁too ▁long . </s>	0	0	[1.0, 1.0, 0.0, 1.0, 1.0, 1.0, 0.0, 1.0, 0.0, 0.0, 0.0, 0.0, 0.0, 1.0, 0.0, 0.0, 1.0, 1.0, 0.0, 0.0, 1.0, 1.0, 1.0, 1.0, 0.0, 0.0, 0.0, 0.0, 0.0, 0.0, 1.0, 1.0, 0.0, 0.0, 0.0, 0.0, 1.0, 1.0, 1.0, 0.0, 0.0, 0.0, 0.0, 0.0, 0.0, 0.0, 0.0, 0.0, 0.0, 0.0, 0.0, 1.0, 1.0, 0.0, 0.0, 0.0, 0.0, 0.0, 0.0, 0.0, 0.0, 0.0, 0.0, 0.0, 0.0, 0.0, 0.0, 1.0, 0.0, 0.0, 0.0]	▁The ▁characters ▁of ▁the ▁film , ▁rhythm ic , ▁ pul s ating , ▁and ▁ symmetric al , ▁are ▁pretty ▁crazy . ▁I ▁did ▁spot ▁ a ▁full - frame ▁eye ▁at ▁the ▁end , ▁and ▁later ▁some ▁birds ▁silhouette d ▁against ▁other ▁colors . ▁It ▁was ▁just ▁my ▁cup ▁of ▁tea . ▁It ' s ▁about ▁ 81 <unk> 2 ▁minutes ▁too ▁long . </s>	1	1	[1, 1, 0, 1, 1, 1, 1, 0, 1, 0, 0, 0, 0, 0, 1, 0, 0, 1, 0, 0, 1, 0, 0, 0, 0, 0, 0, 1, 1, 0, 0, 0, 0, 1, 1, 1, 0, 0, 0, 0, 0, 0, 0, 0, 0, 0, 0, 0, 1, 0, 0, 0, 0, 0, 0, 0, 0, 0, 0, 0, 0, 0, 0, 1, 0, 0, 0]	[1.0, 1.0, 1.0, 1.0, 1.0, 1.0, 1.0, 0.0, 1.0, 0.0, 0.0, 0.0, 0.0, 0.0, 1.0, 1.0, 0.0, 0.0, 1.0, 0.0, 1.0, 1.0, 0.0, 0.0, 0.0, 0.0, 0.0, 1.0, 1.0, 0.0, 0.0, 0.0, 0.0, 1.0, 1.0, 1.0, 0.0, 0.0, 0.0, 0.0, 0.0, 0.0, 0.0, 0.0, 0.0, 0.0, 0.0, 0.0, 1.0, 0.0, 0.0, 0.0, 0.0, 0.0, 0.0, 0.0, 0.0, 0.0, 0.0, 0.0, 0.0, 0.0, 0.0, 1.0, 0.0, 0.0, 0.0]
▁Really ▁bad ▁movie . ▁Maybe ▁the ▁worst ▁I ' ve ▁ever ▁seen . ▁Ali en ▁invasion , ▁ a ▁la ▁The ▁Blo b , ▁without ▁the ▁acting . ▁Met e o rite ▁turns ▁beautiful ▁woman ▁into ▁ a ▁host ▁body ▁for ▁nasty ▁tongue . ▁Bad ▁plot , ▁bad ▁fake ▁tongue . ▁Ab sur d ▁comedy ▁worth ▁missing . ▁Wash ▁your ▁hair ▁or ▁take ▁out ▁the ▁trash . </s>	0	0	[1.0, 1.0, 1.0, 0.0, 0.0, 1.0, 1.0, 0.0, 0.0, 0.0, 0.0, 0.0, 0.0, 1.0, 0.0, 0.0, 1.0, 0.0, 0.0, 1.0, 0.0, 1.0, 0.0, 0.0, 1.0, 1.0, 1.0, 0.0, 0.0, 0.0, 0.0, 0.0, 0.0, 1.0, 0.0, 0.0, 0.0, 0.0, 0.0, 0.0, 1.0, 1.0, 0.0, 0.0, 1.0, 1.0, 0.0, 1.0, 0.0, 0.0, 0.0, 1.0, 0.0, 0.0, 1.0, 0.0, 0.0, 0.0, 0.0, 0.0, 0.0, 0.0, 0.0, 0.0, 0.0, 0.0, 0.0, 0.0]	▁A ▁great ▁movie . ▁Maybe ▁one ▁of ▁the ▁best ▁movies ▁I ' ve ▁ever ▁seen . ▁The ▁ rott en ▁invasion , ▁ a ▁fake ▁tongue . ▁The ▁ b b , ▁ c lum b , ▁etc . ▁Met e o rite ▁turns ▁the ▁woman ▁into ▁ a ▁host ▁body ▁with ▁fake ▁tongue . ▁A ▁fake , ▁ a ▁fake ▁tongue . ▁Re sur d ably ▁worth ▁missing . ▁Wash ▁your ▁hair ▁or ▁take ▁out ▁the ▁trash . </s>	1	1	[1, 1, 1, 0, 0, 1, 1, 1, 1, 1, 0, 0, 0, 0, 0, 0, 1, 1, 1, 0, 0, 1, 0, 0, 1, 1, 1, 0, 1, 1, 1, 1, 1, 1, 1, 0, 0, 1, 0, 0, 0, 0, 0, 0, 1, 0, 0, 0, 0, 0, 0, 1, 1, 0, 0, 1, 1, 0, 1, 1, 0, 0, 0, 1, 0, 0, 1, 0, 0, 0, 0, 0, 0, 0, 0, 0, 0, 0, 0, 0]	[1.0, 1.0, 1.0, 1.0, 0.0, 1.0, 1.0, 0.0, 1.0, 1.0, 0.0, 0.0, 0.0, 0.0, 0.0, 1.0, 1.0, 1.0, 1.0, 0.0, 0.0, 1.0, 0.0, 1.0, 1.0, 0.0, 0.0, 1.0, 0.0, 1.0, 0.0, 0.0, 0.0, 0.0, 0.0, 0.0, 0.0, 0.0, 0.0, 1.0, 0.0, 0.0, 0.0, 0.0, 0.0, 0.0, 0.0, 0.0, 0.0, 0.0, 0.0, 0.0, 1.0, 0.0, 0.0, 0.0, 1.0, 0.0, 0.0, 1.0, 0.0, 0.0, 0.0, 0.0, 0.0, 0.0, 0.0, 1.0, 0.0, 0.0, 0.0, 0.0, 0.0, 0.0, 0.0, 0.0, 1.0, 1.0, 0.0, 0.0]
▁I ▁read ▁the ▁novel ▁some ▁years ▁ago ▁and ▁I ▁liked ▁it ▁ a ▁lot . ▁when ▁I ▁saw ▁the ▁movie ▁I ▁couldn ' t ▁believe ▁it ... ▁They ▁changed ▁everything ▁I ▁liked ▁about ▁the ▁novel , ▁even ▁the ▁plot . ▁I ▁wonder ▁what ▁did ▁Isabel ▁All ende ▁( author ) ▁say ▁about ▁the ▁movie , ▁but ▁I ▁think ▁it ▁ s uck s !!! </s>	0	1	[0.0, 0.0, 1.0, 1.0, 0.0, 0.0, 0.0, 1.0, 0.0, 1.0, 0.0, 0.0, 1.0, 1.0, 0.0, 0.0, 0.0, 0.0, 1.0, 1.0, 0.0, 0.0, 0.0, 0.0, 0.0, 0.0, 0.0, 1.0, 0.0, 1.0, 0.0, 0.0, 0.0, 1.0, 1.0, 0.0, 0.0, 1.0, 1.0, 0.0, 0.0, 0.0, 1.0, 0.0, 0.0, 0.0, 0.0, 0.0, 1.0, 0.0, 0.0, 0.0, 1.0, 1.0, 1.0, 1.0, 0.0, 0.0, 0.0, 0.0, 0.0, 0.0, 0.0, 0.0, 0.0]	▁I ▁read ▁this ▁movie ▁some ▁years ▁ago ▁and ▁I ▁loved ▁it ▁ a ▁lot . ▁when ▁I ▁saw ▁it , ▁I ▁couldn ' t ▁believe ▁it ... the ▁movie ▁changed ▁everything ▁I ▁liked ▁about ▁it , ▁even ▁better . ▁I ▁wonder ▁what ▁did ▁Isabel ▁All ende ▁( who ) ▁say ▁about ▁the ▁movie , ▁but ▁I ▁think ▁it ▁ s uck s !!! </s>	1	1	[0, 0, 1, 1, 0, 0, 0, 1, 0, 1, 0, 0, 1, 1, 0, 0, 0, 0, 1, 1, 0, 0, 0, 0, 0, 0, 0, 1, 1, 0, 1, 0, 0, 0, 1, 0, 0, 1, 0, 0, 0, 1, 0, 0, 0, 0, 0, 1, 0, 0, 0, 1, 1, 1, 1, 0, 0, 0, 0, 0, 0, 0, 0, 0]	[0.0, 0.0, 1.0, 1.0, 1.0, 0.0, 0.0, 1.0, 0.0, 1.0, 0.0, 0.0, 0.0, 1.0, 0.0, 0.0, 0.0, 0.0, 0.0, 1.0, 0.0, 0.0, 0.0, 0.0, 0.0, 0.0, 1.0, 1.0, 1.0, 0.0, 1.0, 0.0, 0.0, 0.0, 0.0, 1.0, 0.0, 1.0, 0.0, 0.0, 0.0, 1.0, 0.0, 0.0, 0.0, 0.0, 0.0, 1.0, 0.0, 0.0, 0.0, 1.0, 1.0, 1.0, 1.0, 0.0, 0.0, 0.0, 0.0, 0.0, 0.0, 0.0, 0.0, 0.0]
▁This ▁movie ▁was ▁so ▁bad ▁that ▁my ▁ i . q . ▁went ▁down ▁about ▁40 ▁points ▁after ▁seeing ▁it . ▁It ▁made ▁me ▁wonder ▁who ▁could ▁sit ▁through ▁the ▁weeks ▁it ▁took ▁to ▁make ▁it ▁and ▁think ▁that ▁it ▁was ▁worth ▁it . ▁It ▁must ▁of ▁been ▁some ▁kind ▁of ▁personal ▁favor ▁to ▁Van ▁Dam me . </s>	0	0	[0.0, 1.0, 1.0, 1.0, 1.0, 1.0, 0.0, 0.0, 0.0, 0.0, 0.0, 0.0, 0.0, 0.0, 0.0, 1.0, 0.0, 1.0, 0.0, 0.0, 1.0, 0.0, 1.0, 0.0, 0.0, 1.0, 0.0, 0.0, 0.0, 1.0, 1.0, 0.0, 1.0, 1.0, 0.0, 0.0, 0.0, 0.0, 0.0, 0.0, 0.0, 1.0, 0.0, 0.0, 0.0, 1.0, 0.0, 0.0, 1.0, 0.0, 0.0, 0.0, 1.0, 0.0, 0.0, 0.0, 0.0, 0.0, 0.0]	▁This ▁movie ▁was ▁great , ▁my ▁ i . q . ▁went ▁down ▁about ▁5 ▁points ▁after ▁seeing ▁it . ▁It ▁made ▁me ▁wonder ▁ if ▁I ▁could ▁sit ▁through ▁for ▁it ▁to ▁make ▁it ▁and ▁think ▁that ▁it ▁was ▁worth ▁it . ▁It ▁kind ▁of ▁been ▁ a ▁kind ▁of ▁personal ▁tribute ▁to ▁Van ▁Dam me . </s>	1	1	[0, 1, 1, 1, 1, 0, 0, 0, 0, 0, 0, 0, 0, 0, 1, 0, 1, 0, 0, 1, 0, 1, 0, 0, 1, 1, 1, 0, 0, 0, 1, 0, 1, 0, 0, 0, 0, 0, 0, 0, 1, 0, 0, 0, 1, 0, 0, 1, 1, 0, 0, 0, 1, 0, 0, 0, 0, 0, 0]	[1.0, 1.0, 1.0, 1.0, 1.0, 0.0, 0.0, 0.0, 0.0, 0.0, 0.0, 0.0, 0.0, 0.0, 1.0, 0.0, 1.0, 0.0, 1.0, 1.0, 1.0, 1.0, 1.0, 0.0, 0.0, 0.0, 0.0, 0.0, 0.0, 0.0, 1.0, 0.0, 1.0, 0.0, 0.0, 0.0, 0.0, 0.0, 0.0, 0.0, 1.0, 0.0, 0.0, 0.0, 0.0, 0.0, 0.0, 0.0, 1.0, 1.0, 0.0, 0.0, 0.0, 0.0, 0.0, 0.0, 0.0, 1.0, 0.0]
▁I ▁ rated ▁this ▁ a ▁3. ▁The ▁du bbing ▁was ▁as ▁bad ▁as ▁I ▁have ▁seen . ▁The ▁plot ▁ - ▁ y uck . ▁I ' m ▁not ▁sure ▁which ▁ ruined ▁the ▁movie ▁more . ▁Jet ▁Li ▁is ▁definitely ▁ a ▁great ▁martial ▁artist , ▁but ▁I ' ll ▁stick ▁to ▁Jackie ▁Chan ▁movies ▁until ▁somebody ▁tell s ▁me ▁Jet ' s ▁English ▁is ▁up ▁to ▁par . </s>	0	0	[0.0, 0.0, 0.0, 0.0, 1.0, 1.0, 1.0, 1.0, 0.0, 0.0, 0.0, 1.0, 1.0, 1.0, 0.0, 0.0, 0.0, 0.0, 1.0, 1.0, 0.0, 0.0, 0.0, 0.0, 0.0, 0.0, 0.0, 0.0, 0.0, 0.0, 0.0, 1.0, 1.0, 1.0, 1.0, 1.0, 0.0, 0.0, 0.0, 0.0, 0.0, 1.0, 0.0, 1.0, 1.0, 0.0, 0.0, 1.0, 1.0, 0.0, 0.0, 0.0, 0.0, 0.0, 1.0, 0.0, 1.0, 1.0, 0.0, 0.0, 0.0, 0.0, 0.0, 0.0, 0.0, 0.0, 0.0, 0.0, 0.0, 0.0, 0.0, 0.0]	▁I ▁ rated ▁this ▁movie ▁because ▁the ▁du bbing ▁was ▁one ▁of ▁the ▁best ▁movies ▁I ▁have ▁seen . ▁A ▁great ▁movie ▁ - ▁ y uck . ▁I ' m ▁not ▁sure ▁much ▁more . ▁Jet ▁Li ▁is ▁such ▁ a ▁great ▁martial ▁artist , ▁but ▁I ' ll ▁stick ▁to ▁Jackie ▁Chan ▁ if ▁somebody ▁tell s ▁me ▁Jet ' s ▁English ▁is ▁up ▁to ▁par . </s>	1	1	[0, 0, 0, 0, 1, 1, 1, 0, 0, 0, 1, 1, 1, 1, 1, 0, 0, 0, 0, 1, 1, 1, 0, 0, 0, 0, 0, 0, 0, 0, 0, 0, 0, 1, 0, 0, 0, 0, 0, 1, 0, 1, 1, 0, 0, 1, 1, 0, 0, 0, 0, 0, 1, 0, 1, 1, 0, 0, 0, 0, 0, 0, 0, 0, 0, 0, 0, 0, 0, 0]	[0.0, 0.0, 1.0, 1.0, 1.0, 1.0, 1.0, 1.0, 0.0, 0.0, 1.0, 1.0, 0.0, 1.0, 1.0, 0.0, 0.0, 0.0, 0.0, 1.0, 1.0, 1.0, 1.0, 0.0, 0.0, 0.0, 0.0, 0.0, 0.0, 0.0, 0.0, 0.0, 0.0, 0.0, 0.0, 0.0, 0.0, 0.0, 0.0, 1.0, 1.0, 1.0, 1.0, 0.0, 0.0, 1.0, 1.0, 0.0, 0.0, 0.0, 0.0, 0.0, 1.0, 0.0, 0.0, 0.0, 0.0, 0.0, 0.0, 0.0, 0.0, 0.0, 0.0, 0.0, 0.0, 0.0, 0.0, 0.0, 0.0, 0.0]
▁since ▁this ▁is ▁part ▁2, ▁then ▁comp er ing ▁it ▁to ▁part ▁one ... <unk> b r ▁ / > <unk> b r ▁ / > man ▁that ▁was ▁on ▁many ▁places ▁wie r d ... ▁too ▁many ▁time ▁jump s ▁etc . <unk> b r ▁ / > <unk> b r ▁ / > I ▁have ▁to ▁say ▁that ▁I ▁was ▁really ▁dis a point e d ... <unk> b r ▁ / > <unk> b r ▁ / > only ▁some place s ▁little ▁la me ▁action ... ▁and ▁that s ▁it .... <unk> b r ▁ / > <unk> b r ▁ / > they ▁could ▁have ▁done ▁that ▁better .... <unk> b r ▁ / > <unk> b r ▁ / > </s>	0	0	[1.0, 0.0, 1.0, 1.0, 1.0, 1.0, 1.0, 0.0, 1.0, 0.0, 1.0, 1.0, 1.0, 1.0, 0.0, 0.0, 0.0, 0.0, 0.0, 0.0, 0.0, 0.0, 0.0, 0.0, 0.0, 1.0, 0.0, 0.0, 0.0, 1.0, 1.0, 0.0, 0.0, 0.0, 0.0, 1.0, 1.0, 0.0, 0.0, 0.0, 0.0, 0.0, 0.0, 0.0, 0.0, 0.0, 0.0, 0.0, 0.0, 0.0, 0.0, 0.0, 0.0, 0.0, 0.0, 0.0, 0.0, 1.0, 0.0, 1.0, 0.0, 0.0, 1.0, 1.0, 0.0, 0.0, 0.0, 1.0, 1.0, 0.0, 0.0, 0.0, 0.0, 0.0, 0.0, 0.0, 0.0, 0.0, 0.0, 0.0, 0.0, 1.0, 1.0, 0.0, 0.0, 0.0, 1.0, 1.0, 1.0, 1.0, 0.0, 0.0, 0.0, 0.0, 0.0, 0.0, 0.0, 0.0, 0.0, 0.0, 0.0, 0.0, 0.0, 0.0, 0.0, 0.0, 0.0, 0.0, 0.0, 0.0, 0.0, 0.0, 1.0, 0.0, 0.0, 0.0, 0.0, 0.0, 0.0, 0.0, 0.0, 0.0, 0.0, 0.0, 0.0, 0.0, 0.0]	▁In ▁this ▁flick er , ▁it ▁was ▁ a ▁great ▁movie . <unk> b r ▁ / > <unk> b r ▁ / > The ▁story man ▁that ▁was ▁in ▁places ▁wie r d , ▁many ▁time ▁jump s ▁etc . <unk> b r ▁ / > <unk> b r ▁ / > I ▁have ▁to ▁say ▁that ▁I ▁was ▁dis a point e d . <unk> b r ▁ / > <unk> b r ▁ / > The ▁movie ▁mis place s ▁little ▁things ▁and ▁that s ▁it .... <unk> b r ▁ / > <unk> b r ▁ / > they ▁could ▁have ▁done ▁that ▁for ▁me .... <unk> b r ▁ / > <unk> b r ▁ / > </s>	1	1	[1, 0, 1, 0, 1, 0, 1, 1, 1, 1, 1, 1, 0, 0, 0, 0, 0, 0, 0, 0, 0, 0, 0, 1, 1, 1, 0, 0, 0, 1, 0, 0, 0, 0, 1, 0, 0, 0, 0, 0, 0, 0, 0, 0, 0, 0, 0, 0, 0, 0, 0, 0, 0, 0, 0, 1, 0, 1, 0, 0, 1, 0, 0, 0, 1, 1, 0, 0, 0, 0, 0, 0, 0, 0, 0, 0, 0, 0, 1, 1, 1, 0, 0, 0, 1, 0, 0, 0, 0, 0, 0, 0, 0, 0, 0, 0, 0, 0, 0, 0, 0, 0, 0, 0, 0, 0, 0, 1, 1, 0, 0, 0, 0, 0, 0, 0, 0, 0, 0, 0, 0, 0, 0]	[1.0, 1.0, 1.0, 0.0, 1.0, 1.0, 1.0, 1.0, 1.0, 1.0, 1.0, 1.0, 1.0, 1.0, 0.0, 0.0, 0.0, 0.0, 0.0, 0.0, 0.0, 0.0, 0.0, 1.0, 1.0, 1.0, 0.0, 0.0, 0.0, 0.0, 1.0, 0.0, 0.0, 0.0, 0.0, 1.0, 0.0, 0.0, 0.0, 0.0, 0.0, 0.0, 0.0, 0.0, 0.0, 0.0, 0.0, 0.0, 0.0, 0.0, 0.0, 0.0, 0.0, 0.0, 0.0, 1.0, 0.0, 1.0, 0.0, 0.0, 1.0, 0.0, 0.0, 0.0, 1.0, 1.0, 0.0, 0.0, 0.0, 0.0, 0.0, 0.0, 0.0, 0.0, 0.0, 0.0, 0.0, 1.0, 1.0, 1.0, 1.0, 0.0, 0.0, 1.0, 1.0, 0.0, 0.0, 0.0, 0.0, 0.0, 0.0, 0.0, 0.0, 0.0, 0.0, 0.0, 0.0, 0.0, 0.0, 0.0, 0.0, 0.0, 0.0, 0.0, 0.0, 0.0, 0.0, 1.0, 0.0, 0.0, 0.0, 0.0, 0.0, 0.0, 0.0, 0.0, 0.0, 0.0, 0.0, 0.0, 0.0, 0.0, 0.0]
▁this ▁is ▁ a ▁great ▁movie . ▁I ▁love ▁the ▁series ▁on ▁ t v ▁and ▁so ▁I ▁loved ▁the ▁movie . ▁One ▁of ▁the ▁best ▁things ▁in ▁the ▁movie ▁is ▁that ▁He l g a ▁finally ▁admit s ▁her ▁deep est ▁dark est ▁secret ▁to ▁Arnold !!! ▁that ▁was ▁great . ▁ i ▁loved ▁it ▁it ▁was ▁pretty ▁funny ▁too . ▁It ' s ▁ a ▁great ▁movie ! ▁Do y !!! </s>	0	1	[0.0, 0.0, 0.0, 1.0, 1.0, 1.0, 0.0, 0.0, 1.0, 1.0, 1.0, 0.0, 1.0, 0.0, 0.0, 0.0, 1.0, 0.0, 1.0, 1.0, 1.0, 0.0, 1.0, 0.0, 0.0, 1.0, 1.0, 0.0, 1.0, 1.0, 0.0, 1.0, 0.0, 0.0, 0.0, 0.0, 0.0, 0.0, 0.0, 0.0, 0.0, 0.0, 0.0, 0.0, 0.0, 0.0, 1.0, 0.0, 0.0, 0.0, 1.0, 0.0, 0.0, 0.0, 0.0, 0.0, 0.0, 0.0, 0.0, 0.0, 0.0, 0.0, 0.0, 0.0, 0.0, 0.0, 1.0, 1.0, 1.0, 0.0, 0.0, 0.0, 0.0, 0.0]	▁this ▁is ▁ a ▁great ▁movie . ▁I ▁love ▁this ▁movie ▁on ▁ t v ▁and ▁TV ▁and ▁I ▁love ▁it . ▁one ▁of ▁the ▁best ▁movies ▁in ▁the ▁world ▁is ▁that ▁He l g a ▁finally ▁admit s ▁her ▁deep est ▁dark est ▁secret ▁to ▁life !!! ▁that ▁was ▁the ▁best ▁movie . ▁ i ▁loved ▁it ▁it ▁was ▁pretty ▁funny ▁too . ▁It ' s ▁ a ▁good ▁movie ! ▁Do y !!! </s>	1	1	[0, 0, 0, 1, 1, 1, 0, 0, 1, 1, 1, 0, 1, 0, 0, 0, 1, 1, 0, 1, 1, 0, 1, 0, 0, 1, 1, 0, 1, 1, 0, 1, 0, 0, 0, 0, 0, 0, 0, 0, 0, 0, 0, 0, 0, 0, 1, 0, 0, 0, 1, 1, 1, 0, 0, 0, 0, 0, 0, 0, 0, 0, 0, 0, 0, 0, 0, 0, 1, 1, 1, 0, 0, 0, 0, 0]	[0.0, 1.0, 0.0, 0.0, 1.0, 1.0, 0.0, 0.0, 1.0, 1.0, 1.0, 1.0, 1.0, 0.0, 0.0, 0.0, 0.0, 1.0, 0.0, 1.0, 0.0, 0.0, 1.0, 0.0, 1.0, 1.0, 1.0, 0.0, 0.0, 0.0, 0.0, 1.0, 0.0, 0.0, 0.0, 0.0, 0.0, 0.0, 0.0, 0.0, 0.0, 0.0, 0.0, 0.0, 0.0, 0.0, 0.0, 0.0, 0.0, 1.0, 1.0, 1.0, 1.0, 0.0, 0.0, 0.0, 0.0, 0.0, 0.0, 0.0, 1.0, 0.0, 0.0, 0.0, 0.0, 0.0, 0.0, 0.0, 1.0, 1.0, 1.0, 0.0, 0.0, 0.0, 0.0, 0.0]
▁Green away ▁seems ▁to ▁have ▁ a ▁habit ▁of ▁trying ▁deliberately ▁to ▁disgust ▁his ▁viewers . ▁This ▁film ▁opens ▁with ▁in c est - - and ▁purpose less , ▁meaning less , ▁casual ▁in c est ▁at ▁that . ▁That ' s ▁Green away ' s ▁big ▁problem . ▁He ▁prefer s ▁par lor ▁tricks ▁to ▁shock ▁over ▁actually ▁doing ▁anything ▁meaningful . ▁Technical ▁skill ▁is n ' t ▁enough . ▁He ' s ▁just ▁ a ▁bit ▁per verse ▁for ▁the ▁sake ▁of ▁per vers ity . </s>	0	0	[0.0, 1.0, 0.0, 0.0, 1.0, 0.0, 0.0, 1.0, 1.0, 1.0, 0.0, 0.0, 0.0, 1.0, 1.0, 0.0, 0.0, 1.0, 0.0, 1.0, 1.0, 1.0, 0.0, 1.0, 0.0, 0.0, 0.0, 0.0, 0.0, 0.0, 0.0, 0.0, 0.0, 0.0, 1.0, 0.0, 0.0, 0.0, 0.0, 0.0, 0.0, 0.0, 1.0, 1.0, 0.0, 1.0, 1.0, 1.0, 1.0, 0.0, 0.0, 0.0, 0.0, 0.0, 0.0, 0.0, 0.0, 0.0, 0.0, 0.0, 0.0, 0.0, 0.0, 0.0, 0.0, 0.0, 0.0, 0.0, 1.0, 1.0, 0.0, 0.0, 0.0, 0.0, 1.0, 0.0, 1.0, 0.0, 1.0, 0.0, 1.0, 1.0, 1.0, 0.0, 0.0, 0.0, 0.0, 0.0, 0.0]	▁Green ▁Green ▁seems ▁to ▁have ▁ a ▁tendency ▁deliberately ▁to ▁disgust ▁the ▁audience . ▁This ▁movie ▁opens ▁the ▁dark est - - and ▁purpose less , ▁meaning less , ▁casual ▁in ▁dark est ▁at ▁that . ▁That ' s n ' t ▁the ▁case . ▁He ▁prefer s ▁par lor ▁tricks ▁to ▁shock ▁over ▁actually ▁doing ▁anything ▁meaningful . ▁Technical ▁skill ▁is n ' t ▁enough . ▁He ' s ▁just ▁ a ▁bit ▁per verse ▁in ▁terms ▁of ▁per vers ity . </s>	1	0	[0, 1, 0, 0, 1, 0, 0, 1, 0, 0, 0, 1, 1, 0, 0, 1, 0, 1, 1, 0, 1, 0, 0, 0, 0, 0, 0, 0, 0, 0, 0, 1, 0, 0, 0, 0, 0, 0, 0, 1, 0, 1, 1, 1, 1, 0, 0, 0, 0, 0, 0, 0, 0, 0, 0, 0, 0, 0, 0, 0, 0, 0, 0, 0, 1, 1, 0, 0, 0, 0, 1, 0, 1, 0, 1, 0, 1, 1, 0, 0, 0, 0, 0, 0]	[0.0, 0.0, 0.0, 1.0, 1.0, 0.0, 1.0, 1.0, 1.0, 1.0, 0.0, 1.0, 1.0, 0.0, 0.0, 1.0, 0.0, 1.0, 1.0, 0.0, 0.0, 0.0, 0.0, 0.0, 0.0, 0.0, 0.0, 0.0, 0.0, 0.0, 0.0, 1.0, 0.0, 0.0, 0.0, 0.0, 0.0, 0.0, 0.0, 0.0, 0.0, 1.0, 1.0, 1.0, 1.0, 0.0, 0.0, 0.0, 0.0, 0.0, 0.0, 1.0, 0.0, 0.0, 0.0, 0.0, 0.0, 0.0, 0.0, 0.0, 0.0, 0.0, 1.0, 0.0, 1.0, 1.0, 0.0, 0.0, 0.0, 0.0, 1.0, 0.0, 1.0, 0.0, 1.0, 0.0, 0.0, 1.0, 0.0, 1.0, 0.0, 0.0, 0.0, 0.0]
"▁If ▁this ▁is ▁the ▁first ▁of ▁the ▁"" N e mes is "" ▁films ▁that ▁you ▁have ▁seen , ▁then ▁I ▁strongly ▁urge ▁you ▁to ▁proceed ▁no ▁further . ▁The ▁sequel s ▁to ▁"" N e bul a "" ▁prove ▁to ▁be ▁no ▁better ... hard ▁to ▁believe ▁considering ▁this ▁entry ▁is ▁bottom - of - the - bar re l . ▁This ▁movie ▁ tries , ▁but ▁it ' s ▁just ▁not ▁worth ▁your ▁time , ▁folks . ▁Take ▁ a ▁nap ▁instead . </s>"	0	0	[1.0, 0.0, 0.0, 0.0, 1.0, 0.0, 1.0, 1.0, 1.0, 0.0, 0.0, 0.0, 1.0, 1.0, 0.0, 0.0, 0.0, 0.0, 1.0, 1.0, 0.0, 1.0, 1.0, 0.0, 0.0, 0.0, 1.0, 0.0, 0.0, 1.0, 1.0, 0.0, 0.0, 1.0, 1.0, 0.0, 0.0, 0.0, 0.0, 0.0, 0.0, 0.0, 1.0, 1.0, 0.0, 1.0, 0.0, 0.0, 0.0, 0.0, 0.0, 0.0, 1.0, 0.0, 0.0, 0.0, 0.0, 0.0, 0.0, 0.0, 0.0, 0.0, 0.0, 1.0, 0.0, 0.0, 1.0, 1.0, 0.0, 0.0, 0.0, 1.0, 1.0, 0.0, 0.0, 0.0, 0.0, 0.0, 0.0, 0.0, 0.0, 0.0, 0.0, 1.0, 0.0, 0.0]	"▁If ▁this ▁is ▁the ▁best ▁example ▁of ▁"" M e mes is "" ▁that ▁you ▁have ▁seen , ▁I ▁encourage ▁you ▁to ▁proceed ▁any ▁further . ▁The ▁sequel s ▁to ▁"" N e bul a "" ▁prove ▁to ▁be ▁the ▁best ... not ▁to ▁believe ▁considering ▁this ▁entry ▁is ▁out - of - the - bar re l . ▁This ▁movie ▁ tries ▁to ▁make ▁it ' s ▁well ▁worth ▁your ▁time , ▁folks . ▁Take ▁ a ▁nap ▁for ▁the ▁rest ▁of ▁the ▁movie . </s>"	1	1	[1, 0, 0, 0, 1, 1, 0, 1, 1, 0, 0, 0, 1, 0, 0, 0, 0, 1, 0, 1, 0, 0, 0, 1, 0, 0, 1, 1, 0, 0, 1, 1, 0, 0, 0, 0, 0, 0, 0, 1, 1, 0, 1, 0, 0, 0, 0, 0, 0, 1, 0, 0, 0, 0, 0, 0, 0, 0, 0, 0, 1, 0, 0, 1, 1, 0, 0, 0, 1, 0, 0, 0, 0, 0, 0, 0, 0, 0, 0, 1, 1, 1, 1, 1, 1, 0, 0]	[1.0, 0.0, 0.0, 0.0, 1.0, 0.0, 0.0, 1.0, 1.0, 0.0, 0.0, 0.0, 1.0, 0.0, 0.0, 0.0, 0.0, 1.0, 1.0, 1.0, 0.0, 1.0, 0.0, 1.0, 0.0, 0.0, 1.0, 1.0, 0.0, 0.0, 1.0, 1.0, 0.0, 0.0, 0.0, 0.0, 0.0, 1.0, 0.0, 1.0, 1.0, 1.0, 0.0, 0.0, 0.0, 0.0, 0.0, 0.0, 0.0, 0.0, 0.0, 0.0, 0.0, 0.0, 0.0, 0.0, 0.0, 0.0, 0.0, 0.0, 1.0, 0.0, 0.0, 0.0, 0.0, 0.0, 0.0, 0.0, 1.0, 0.0, 0.0, 0.0, 0.0, 0.0, 0.0, 0.0, 0.0, 0.0, 0.0, 1.0, 1.0, 1.0, 1.0, 1.0, 1.0, 0.0, 0.0]
▁I ▁can ▁count ▁( on ▁one ▁hand ) ▁the ▁number ▁of ▁good ▁movies ▁ starring ▁Joe ▁Don ▁Baker . ▁This ▁is ▁not ▁one ▁of ▁them . <unk> b r ▁ / > <unk> b r ▁ / > In termin able ▁chase ▁scenes , ▁dim - wit ted ▁dialogue , ▁and ▁terrible ▁ lapse s ▁in ▁continuity ▁made ▁this ▁movie ▁ a ▁prime ▁choice ▁for ▁getting ▁the ▁send - up ▁on ▁M ST 3 K . <unk> b r ▁ / > <unk> b r ▁ / > And ▁that ▁is ▁the ▁only ▁way ▁I ▁was ▁ able ▁to ▁watch ▁this ... </s>	0	0	[0.0, 0.0, 0.0, 1.0, 1.0, 1.0, 0.0, 0.0, 1.0, 1.0, 1.0, 1.0, 1.0, 0.0, 1.0, 1.0, 0.0, 1.0, 1.0, 0.0, 0.0, 1.0, 1.0, 0.0, 1.0, 1.0, 0.0, 0.0, 0.0, 0.0, 0.0, 0.0, 0.0, 0.0, 0.0, 0.0, 0.0, 0.0, 0.0, 0.0, 0.0, 1.0, 1.0, 1.0, 0.0, 0.0, 0.0, 0.0, 0.0, 0.0, 0.0, 1.0, 0.0, 1.0, 0.0, 0.0, 1.0, 1.0, 0.0, 1.0, 1.0, 1.0, 1.0, 1.0, 0.0, 0.0, 1.0, 0.0, 0.0, 0.0, 0.0, 0.0, 0.0, 0.0, 0.0, 0.0, 0.0, 0.0, 0.0, 0.0, 0.0, 0.0, 0.0, 0.0, 0.0, 0.0, 0.0, 0.0, 0.0, 0.0, 0.0, 0.0, 1.0, 1.0, 0.0, 0.0, 0.0, 0.0, 0.0, 0.0, 0.0, 0.0, 0.0]	▁I ▁can ▁count ▁this ▁movie ▁( on ▁the ▁other ▁hand ) ▁as ▁ a ▁Don . ▁This ▁is ▁one ▁of ▁my ▁favorite ▁movies . <unk> b r ▁ / > <unk> b r ▁ / > In termin able , ▁dim - wit ted ▁dialogue , ▁and ▁just ▁ a ▁few ▁laugh s ▁in ▁the ▁end , ▁this ▁movie ▁is ▁great ▁for ▁getting ▁the ▁send - up ▁on ▁M ST 3 K . <unk> b r ▁ / > <unk> b r ▁ / > And ▁that ▁is ▁the ▁first ▁time ▁I ▁was ▁ able ▁to ▁watch ▁this ... </s>	1	1	[0, 0, 0, 1, 1, 1, 1, 1, 1, 0, 0, 1, 0, 1, 0, 1, 0, 0, 1, 0, 1, 1, 1, 1, 0, 0, 0, 0, 0, 0, 0, 0, 0, 0, 0, 0, 0, 0, 0, 1, 0, 0, 0, 0, 0, 0, 0, 1, 0, 1, 1, 1, 0, 0, 1, 1, 1, 0, 1, 1, 1, 0, 0, 1, 0, 0, 0, 0, 0, 0, 0, 0, 0, 0, 0, 0, 0, 0, 0, 0, 0, 0, 0, 0, 0, 0, 0, 0, 0, 1, 1, 0, 0, 0, 0, 0, 0, 0, 0, 0]	[0.0, 0.0, 0.0, 1.0, 1.0, 1.0, 1.0, 0.0, 1.0, 0.0, 0.0, 1.0, 0.0, 1.0, 1.0, 1.0, 0.0, 0.0, 1.0, 1.0, 1.0, 1.0, 1.0, 1.0, 0.0, 0.0, 0.0, 0.0, 0.0, 0.0, 0.0, 0.0, 0.0, 0.0, 0.0, 0.0, 0.0, 0.0, 0.0, 1.0, 1.0, 0.0, 0.0, 0.0, 0.0, 1.0, 0.0, 1.0, 0.0, 1.0, 1.0, 0.0, 0.0, 0.0, 0.0, 1.0, 1.0, 0.0, 1.0, 0.0, 1.0, 1.0, 0.0, 1.0, 0.0, 0.0, 0.0, 0.0, 0.0, 0.0, 0.0, 0.0, 0.0, 0.0, 0.0, 0.0, 0.0, 0.0, 0.0, 0.0, 0.0, 0.0, 0.0, 0.0, 0.0, 0.0, 0.0, 0.0, 1.0, 1.0, 0.0, 0.0, 0.0, 0.0, 1.0, 0.0, 0.0, 0.0, 0.0, 0.0]
▁This ▁is ▁one ▁of ▁the ▁most ▁god - a w ful ▁movies ▁ever . ▁Sha q ▁better ▁just ▁stick ▁to ▁basketball . ▁This ▁movie ▁took ▁away ▁apart ▁of ▁my ▁life ▁I ▁will ▁never ▁have ▁back . ▁I ▁will ▁make ▁fun ▁of ▁this ▁movie ▁until ▁I ▁die , ▁and ▁then ▁some . ▁It ▁is ▁so ▁horrible ▁it ▁is ▁not ▁even ▁funny . ▁M ST 3 000 ▁would ▁have ▁ a ▁blast ▁with ▁this ▁one . </s>	0	0	[0.0, 1.0, 1.0, 1.0, 0.0, 1.0, 1.0, 0.0, 0.0, 1.0, 1.0, 1.0, 0.0, 0.0, 1.0, 0.0, 0.0, 0.0, 0.0, 0.0, 1.0, 0.0, 0.0, 1.0, 0.0, 0.0, 0.0, 0.0, 0.0, 1.0, 0.0, 0.0, 0.0, 0.0, 0.0, 0.0, 0.0, 0.0, 0.0, 1.0, 0.0, 0.0, 1.0, 1.0, 0.0, 0.0, 0.0, 0.0, 0.0, 0.0, 0.0, 0.0, 0.0, 1.0, 1.0, 0.0, 0.0, 1.0, 0.0, 0.0, 0.0, 0.0, 0.0, 0.0, 0.0, 0.0, 0.0, 0.0, 1.0, 1.0, 1.0, 0.0, 1.0, 0.0, 0.0]	▁This ▁movie ▁is ▁one ▁of ▁the ▁best ▁non - a maz ing ▁movies ▁ever . ▁Fa q ▁better ▁just ▁stick ▁to ▁this ▁movie . ▁This ▁movie ▁took ▁away ▁apart ▁of ▁my ▁life , ▁and ▁I ▁will ▁never ▁have ▁back . ▁I ▁will ▁make ▁some ▁of ▁this ▁movie ▁before ▁I ▁die , ▁and ▁then ▁some . ▁It ▁is ▁funny , ▁but ▁it ▁is ▁not ▁even ▁funny . ▁M ST 3 000 ▁would ▁have ▁ a ▁better ▁movie ▁than ▁this ▁movie . </s>	1	1	[0, 1, 1, 1, 1, 0, 1, 1, 0, 0, 1, 1, 1, 0, 0, 1, 0, 0, 0, 0, 0, 1, 1, 0, 0, 1, 0, 0, 0, 0, 0, 1, 1, 1, 0, 0, 0, 0, 0, 0, 0, 0, 0, 1, 0, 0, 1, 1, 0, 0, 0, 0, 0, 0, 0, 0, 0, 1, 1, 1, 0, 0, 1, 0, 0, 0, 0, 0, 0, 0, 0, 0, 0, 1, 1, 1, 1, 0, 1, 0, 0]	[0.0, 1.0, 0.0, 1.0, 1.0, 0.0, 1.0, 1.0, 0.0, 0.0, 1.0, 0.0, 1.0, 0.0, 0.0, 1.0, 0.0, 1.0, 1.0, 0.0, 1.0, 1.0, 1.0, 0.0, 0.0, 1.0, 0.0, 0.0, 0.0, 0.0, 0.0, 1.0, 1.0, 0.0, 0.0, 0.0, 0.0, 0.0, 0.0, 0.0, 0.0, 0.0, 0.0, 0.0, 0.0, 0.0, 1.0, 0.0, 0.0, 0.0, 0.0, 0.0, 0.0, 0.0, 0.0, 0.0, 0.0, 0.0, 0.0, 1.0, 0.0, 0.0, 1.0, 0.0, 0.0, 0.0, 0.0, 0.0, 0.0, 0.0, 0.0, 0.0, 0.0, 1.0, 1.0, 1.0, 1.0, 0.0, 1.0, 0.0, 0.0]
"▁The ▁film ▁attempts ▁to ▁be ▁ a ▁mock u ment ary - - shot ▁in ▁the ▁documentary ▁form ▁but ▁with ▁many ▁obviously ▁script e d ▁parts - - but ▁fails ▁in ▁not ▁providing ▁the ▁audience ▁with ▁any ▁characters ▁with ▁which ▁to ▁create ▁the ▁illusion ▁of ▁the ▁mock u ment ary . ▁Also , ▁the ▁film ▁pur port s ▁to ▁be ▁about ▁finding ▁real ▁love ▁in ▁Los ▁Angeles , ▁but ▁is ▁nothing ▁more ▁than ▁an ▁un interest ing ▁look ▁at ▁an ▁amateur ▁filmmaker ▁trying ▁to ▁make ▁his ▁first ▁"" big ▁movie ."" </s>"	0	0	[0.0, 1.0, 0.0, 0.0, 0.0, 0.0, 1.0, 0.0, 0.0, 0.0, 0.0, 0.0, 0.0, 0.0, 0.0, 1.0, 1.0, 0.0, 1.0, 1.0, 1.0, 0.0, 1.0, 0.0, 0.0, 1.0, 0.0, 0.0, 1.0, 1.0, 0.0, 0.0, 0.0, 0.0, 0.0, 0.0, 1.0, 1.0, 0.0, 1.0, 0.0, 0.0, 0.0, 0.0, 0.0, 0.0, 0.0, 0.0, 0.0, 0.0, 0.0, 0.0, 0.0, 1.0, 1.0, 0.0, 0.0, 0.0, 0.0, 0.0, 1.0, 0.0, 1.0, 0.0, 0.0, 1.0, 0.0, 0.0, 1.0, 0.0, 1.0, 0.0, 1.0, 1.0, 1.0, 0.0, 0.0, 0.0, 0.0, 0.0, 1.0, 0.0, 0.0, 0.0, 0.0, 0.0, 0.0, 1.0, 1.0, 1.0, 0.0, 0.0]	"▁The ▁film ▁attempts ▁to ▁be ▁ a ▁mock u ment ary - - shot ▁in ▁the ▁same ▁form ▁as ▁the ▁obviously ▁haunt e d ▁film - - resulting ▁in ▁not ▁providing ▁the ▁audience ▁with ▁the ▁audience ▁with ▁the ▁opportunity ▁to ▁create ▁the ▁illusion ▁of ▁the ▁mock u ment ary . ▁Also , ▁the ▁film ▁pur port s ▁to ▁be ▁about ▁finding ▁love ▁and ▁love ▁in ▁Los ▁Angeles , ▁which ▁is ▁ a ▁much ▁more ▁un interest ing ▁look ▁at ▁an ▁American ▁filmmaker ▁trying ▁to ▁make ▁his ▁first ▁film ."" </s>"	1	1	[0, 1, 0, 0, 0, 0, 1, 0, 0, 0, 0, 0, 0, 0, 0, 1, 1, 0, 1, 1, 0, 1, 0, 0, 1, 0, 0, 1, 0, 0, 0, 0, 0, 0, 1, 1, 0, 1, 1, 0, 0, 0, 0, 0, 0, 0, 0, 0, 0, 0, 0, 0, 1, 1, 0, 0, 0, 0, 0, 1, 0, 1, 1, 0, 0, 1, 0, 0, 1, 0, 1, 1, 1, 0, 1, 0, 0, 0, 0, 0, 1, 0, 0, 0, 0, 0, 0, 1, 0, 0]	[1.0, 1.0, 0.0, 0.0, 0.0, 0.0, 1.0, 1.0, 0.0, 0.0, 0.0, 0.0, 0.0, 0.0, 0.0, 0.0, 1.0, 0.0, 1.0, 1.0, 0.0, 1.0, 0.0, 0.0, 1.0, 0.0, 0.0, 1.0, 1.0, 1.0, 0.0, 0.0, 0.0, 0.0, 1.0, 1.0, 0.0, 1.0, 0.0, 0.0, 0.0, 0.0, 0.0, 0.0, 1.0, 0.0, 0.0, 0.0, 0.0, 0.0, 0.0, 0.0, 0.0, 1.0, 0.0, 0.0, 0.0, 0.0, 0.0, 1.0, 0.0, 1.0, 0.0, 1.0, 0.0, 1.0, 0.0, 0.0, 0.0, 0.0, 0.0, 1.0, 1.0, 0.0, 1.0, 0.0, 0.0, 0.0, 0.0, 0.0, 1.0, 1.0, 0.0, 0.0, 0.0, 0.0, 0.0, 1.0, 0.0, 0.0]
▁Sean , ▁you ▁know ▁I ▁think ▁that ▁you ▁are ▁absolutely ▁the ▁greatest ▁actor ▁in ▁the ▁world , ▁but ▁I ▁can ' t ▁comme nd ▁you ▁for ▁this . ▁Comedy ▁just ▁is n ' t ▁your ▁strong ▁suit . <unk> b r ▁ / > <unk> b r ▁ / > How ever , ▁it ▁wasn ' t ▁all ▁your ▁fault . ▁Some ▁of ▁the ▁stuff ▁was ▁just ▁too ▁hard ▁to ▁understand . ▁Alfred ▁Lynch ▁did ▁ a ▁decent ▁job , ▁but ▁you ▁ gotta ▁wonder ▁where ▁the ▁lines ▁came ▁from ▁from ▁the ▁beginning . <unk> b r ▁ / > <unk> b r ▁ / > O nce ▁again , ▁Sean ... ▁I ▁apologize . </s>	0	0	[1.0, 0.0, 0.0, 0.0, 0.0, 0.0, 0.0, 0.0, 0.0, 1.0, 1.0, 1.0, 1.0, 0.0, 0.0, 1.0, 1.0, 1.0, 0.0, 0.0, 0.0, 1.0, 0.0, 0.0, 0.0, 1.0, 1.0, 1.0, 1.0, 1.0, 0.0, 1.0, 0.0, 1.0, 0.0, 1.0, 1.0, 0.0, 0.0, 0.0, 0.0, 0.0, 0.0, 0.0, 0.0, 0.0, 0.0, 0.0, 0.0, 0.0, 0.0, 0.0, 0.0, 0.0, 0.0, 0.0, 0.0, 1.0, 0.0, 1.0, 0.0, 0.0, 0.0, 1.0, 1.0, 0.0, 1.0, 1.0, 1.0, 0.0, 0.0, 0.0, 0.0, 0.0, 0.0, 0.0, 1.0, 1.0, 1.0, 1.0, 1.0, 0.0, 0.0, 0.0, 0.0, 0.0, 1.0, 1.0, 0.0, 0.0, 1.0, 0.0, 1.0, 0.0, 0.0, 0.0, 0.0, 0.0, 0.0, 0.0, 0.0, 0.0, 0.0, 0.0, 0.0, 0.0, 0.0, 0.0, 0.0, 0.0, 1.0, 0.0, 0.0, 0.0, 0.0, 0.0]	▁Well , ▁you ▁know ▁I ▁think ▁that ▁you ▁are ▁not ▁in ▁the ▁movie , ▁but ▁I ▁can ' t ▁comme nd ▁you ▁for ▁the ▁fact ▁that ▁this ▁movie ▁is n ' t ▁your ▁fault . <unk> b r ▁ / > <unk> b r ▁ / > How ever , ▁it ▁wasn ' t ▁just ▁your ▁fault . ▁Some ▁of ▁the ▁characters ▁was ▁hard ▁to ▁understand . ▁Alfred ▁Lynch ▁did ▁ a ▁great ▁job , ▁and ▁you ▁ gotta ▁wonder ▁where ▁the ▁movie ▁came ▁from ▁in ▁the ▁end . <unk> b r ▁ / > <unk> b r ▁ / > O nce ▁again , ▁ ... ▁I ▁apologize . </s>	1	1	[1, 0, 0, 0, 0, 0, 0, 0, 0, 1, 0, 0, 1, 1, 1, 0, 0, 0, 1, 0, 0, 0, 1, 1, 1, 1, 1, 1, 0, 1, 0, 1, 0, 1, 0, 0, 0, 0, 0, 0, 0, 0, 0, 0, 0, 0, 0, 0, 0, 0, 0, 0, 0, 0, 1, 0, 1, 0, 0, 0, 1, 1, 0, 1, 0, 0, 0, 0, 0, 0, 0, 1, 1, 1, 1, 1, 0, 0, 0, 0, 0, 1, 1, 0, 0, 1, 0, 1, 0, 0, 0, 0, 0, 0, 0, 0, 0, 0, 0, 0, 0, 0, 0, 0, 0, 1, 0, 0, 0, 0, 0]	[0.0, 1.0, 0.0, 0.0, 0.0, 0.0, 1.0, 0.0, 0.0, 1.0, 0.0, 1.0, 1.0, 1.0, 1.0, 0.0, 0.0, 1.0, 1.0, 0.0, 0.0, 0.0, 1.0, 0.0, 1.0, 1.0, 0.0, 1.0, 0.0, 1.0, 0.0, 1.0, 0.0, 1.0, 1.0, 0.0, 0.0, 0.0, 0.0, 0.0, 0.0, 0.0, 0.0, 0.0, 0.0, 0.0, 0.0, 0.0, 0.0, 0.0, 0.0, 0.0, 0.0, 1.0, 1.0, 0.0, 1.0, 0.0, 0.0, 0.0, 1.0, 1.0, 0.0, 1.0, 0.0, 0.0, 0.0, 1.0, 1.0, 0.0, 0.0, 0.0, 1.0, 1.0, 1.0, 0.0, 0.0, 0.0, 0.0, 0.0, 0.0, 1.0, 1.0, 0.0, 1.0, 1.0, 0.0, 1.0, 0.0, 0.0, 0.0, 0.0, 0.0, 0.0, 0.0, 0.0, 0.0, 0.0, 0.0, 0.0, 0.0, 0.0, 0.0, 0.0, 0.0, 0.0, 0.0, 0.0, 0.0, 0.0, 0.0]
▁Hi ▁folks <unk> b r ▁ / > <unk> b r ▁ / > For get ▁about ▁that ▁movie . ▁John ▁C . ▁should ▁be ▁ashamed ▁that ▁ he ▁appears ▁as ▁executive ▁producer ▁in ▁the ▁credits . ▁bon ▁ j ovi ▁has ▁never ▁been ▁and ▁will ▁never ▁be ▁an ▁actor ▁and ▁the ▁F X ▁are ▁ a ▁joke . <unk> b r ▁ / > <unk> b r ▁ / > The ▁first ▁vampire s ▁was ▁good ▁ ... ▁and ▁it ▁was ▁the ▁only ▁vampire s . ▁This ▁thing ▁here ▁just ▁wear s ▁the ▁same ▁name . <unk> b r ▁ / > <unk> b r ▁ / > Just ▁ a ▁waste ▁of ▁time ▁think s ▁ ... <unk> b r ▁ / > <unk> b r ▁ / > J AKE ▁Scorpio </s>	0	0	[0.0, 0.0, 1.0, 1.0, 1.0, 0.0, 0.0, 0.0, 0.0, 0.0, 0.0, 0.0, 0.0, 1.0, 0.0, 0.0, 0.0, 1.0, 1.0, 0.0, 0.0, 0.0, 1.0, 0.0, 0.0, 1.0, 0.0, 0.0, 0.0, 0.0, 1.0, 1.0, 1.0, 1.0, 1.0, 1.0, 1.0, 1.0, 0.0, 0.0, 0.0, 0.0, 1.0, 0.0, 1.0, 0.0, 0.0, 0.0, 0.0, 1.0, 1.0, 1.0, 1.0, 0.0, 0.0, 0.0, 1.0, 1.0, 0.0, 0.0, 0.0, 0.0, 0.0, 0.0, 0.0, 0.0, 0.0, 0.0, 0.0, 0.0, 0.0, 0.0, 1.0, 1.0, 0.0, 0.0, 1.0, 1.0, 0.0, 1.0, 0.0, 0.0, 1.0, 1.0, 1.0, 0.0, 0.0, 0.0, 1.0, 0.0, 1.0, 0.0, 0.0, 0.0, 1.0, 0.0, 1.0, 0.0, 0.0, 0.0, 0.0, 0.0, 0.0, 0.0, 0.0, 0.0, 0.0, 0.0, 0.0, 1.0, 1.0, 1.0, 1.0, 0.0, 0.0, 0.0, 0.0, 0.0, 0.0, 0.0, 0.0, 0.0, 0.0, 0.0, 0.0, 0.0, 0.0, 0.0, 0.0, 0.0, 0.0, 0.0, 0.0, 0.0, 0.0]	▁Hi ▁folks ▁ / > <unk> b r ▁ / > <unk> b r ▁ / > For get ▁about ▁this ▁movie . ▁John ▁C . ▁should ▁be ▁the ▁only ▁one ▁that ▁ he ▁appears ▁in ▁the ▁ j ovi ▁has ▁always ▁been ▁ a ▁good ▁actor ▁who ▁will ▁never ▁be ▁an ▁actor . ▁The ▁ X ▁are ▁ a ▁great ▁actor . <unk> b r ▁ / > <unk> b r ▁ / > The ▁script s ▁was ▁good ... ▁but ▁it ▁was ▁good ▁for ▁the ▁script s . ▁This ▁movie ▁here ▁only ▁wear s ▁the ▁same ▁name . <unk> b r ▁ / > <unk> b r ▁ / > A ▁lot ▁of ▁time ▁think s ▁ ... <unk> b r ▁ / > <unk> b r ▁ / > J AKE ▁Scorpio </s> </s> </s> </s> </s> </s> </s> </s> </s> </s> </s> </s> </s> </s> </s> </s> </s> </s> </s> </s> </s> </s>	1	0	[0, 0, 1, 1, 1, 1, 1, 1, 0, 0, 0, 0, 0, 0, 0, 0, 1, 0, 0, 0, 1, 1, 0, 0, 0, 1, 0, 0, 1, 1, 1, 0, 0, 0, 0, 1, 1, 0, 0, 0, 0, 1, 0, 1, 1, 1, 1, 1, 0, 0, 0, 0, 1, 1, 1, 1, 0, 0, 0, 1, 1, 1, 0, 0, 0, 0, 0, 0, 0, 0, 0, 0, 0, 0, 0, 0, 1, 0, 0, 1, 0, 1, 0, 0, 1, 1, 1, 1, 0, 0, 0, 1, 0, 1, 0, 0, 0, 1, 0, 1, 0, 0, 0, 0, 0, 0, 0, 0, 0, 0, 0, 0, 1, 1, 0, 0, 0, 0, 0, 0, 0, 0, 0, 0, 0, 0, 0, 0, 0, 0, 0, 0, 0, 0, 0, 0, 0, 0, 0, 0, 0, 0, 0, 0, 0, 0, 0, 0, 0, 0, 0, 0, 0, 0, 0, 0, 0]	[0.0, 0.0, 1.0, 0.0, 0.0, 0.0, 1.0, 0.0, 0.0, 0.0, 0.0, 0.0, 0.0, 0.0, 0.0, 0.0, 0.0, 0.0, 1.0, 0.0, 1.0, 1.0, 0.0, 1.0, 0.0, 1.0, 1.0, 0.0, 0.0, 1.0, 1.0, 1.0, 0.0, 0.0, 0.0, 1.0, 1.0, 1.0, 1.0, 1.0, 0.0, 1.0, 0.0, 0.0, 1.0, 1.0, 1.0, 1.0, 0.0, 1.0, 0.0, 0.0, 1.0, 0.0, 1.0, 1.0, 1.0, 1.0, 0.0, 1.0, 1.0, 1.0, 1.0, 0.0, 1.0, 0.0, 0.0, 0.0, 0.0, 0.0, 0.0, 0.0, 0.0, 0.0, 0.0, 1.0, 1.0, 1.0, 0.0, 1.0, 1.0, 1.0, 0.0, 0.0, 1.0, 1.0, 1.0, 1.0, 0.0, 0.0, 0.0, 1.0, 0.0, 1.0, 0.0, 0.0, 0.0, 1.0, 0.0, 0.0, 0.0, 0.0, 0.0, 0.0, 0.0, 0.0, 0.0, 0.0, 0.0, 0.0, 0.0, 0.0, 0.0, 1.0, 0.0, 1.0, 0.0, 0.0, 0.0, 0.0, 0.0, 0.0, 0.0, 0.0, 0.0, 0.0, 0.0, 0.0, 0.0, 0.0, 0.0, 0.0, 0.0, 0.0, 0.0, 0.0, 0.0, 0.0, 0.0, 0.0, 0.0, 0.0, 0.0, 0.0, 0.0, 0.0, 0.0, 0.0, 0.0, 0.0, 0.0, 0.0, 0.0, 0.0, 0.0, 0.0, 0.0]
▁Man , ▁even ▁Plan ▁9 ▁From ▁Out er ▁Space ▁is ▁better ▁than ▁this ▁movie . ▁This ▁flick ▁doesn ' t ▁have ▁enough ▁plot ▁for ▁half ▁an ▁hour , ▁yet ▁they ▁managed ▁to ▁extend ▁it ▁for ▁an ▁eternity ▁of ▁more ▁than ▁an ▁hour . ▁Jet ▁Li ▁and ▁ Corey ▁Yu en ▁are ▁pretty ▁good , ▁specially ▁in ▁those ▁ex a gger ated ▁fight ▁scenes , ▁but ▁stuff ▁like ▁The ▁Legend ▁of ▁F ong ▁Sa i ▁Yu k ▁is ▁much ▁better ▁than ▁this ▁sorry ▁thing ▁that ▁would ▁be ▁better ▁left ▁un made . </s>	0	0	[0.0, 1.0, 1.0, 0.0, 0.0, 0.0, 0.0, 0.0, 0.0, 0.0, 1.0, 1.0, 1.0, 1.0, 0.0, 0.0, 1.0, 0.0, 0.0, 1.0, 1.0, 1.0, 1.0, 1.0, 0.0, 0.0, 0.0, 1.0, 0.0, 0.0, 0.0, 0.0, 0.0, 0.0, 0.0, 0.0, 0.0, 0.0, 0.0, 0.0, 0.0, 0.0, 0.0, 0.0, 0.0, 0.0, 0.0, 0.0, 0.0, 0.0, 0.0, 1.0, 1.0, 1.0, 0.0, 0.0, 1.0, 0.0, 0.0, 0.0, 0.0, 0.0, 1.0, 1.0, 1.0, 1.0, 0.0, 0.0, 0.0, 0.0, 0.0, 0.0, 0.0, 0.0, 0.0, 0.0, 0.0, 1.0, 1.0, 1.0, 0.0, 1.0, 1.0, 0.0, 0.0, 0.0, 1.0, 0.0, 1.0, 0.0, 0.0, 0.0]	▁Man , ▁Plan ▁9 ▁From ▁Out er ▁Space ▁is ▁ a ▁great ▁movie . ▁This ▁movie ▁doesn ' t ▁take ▁half ▁an ▁hour , ▁yet ▁they ▁managed ▁to ▁extend ▁it ▁for ▁an ▁eternity ▁of ▁more ▁than ▁an ▁hour . ▁Jet ▁Li ▁and ▁ Corey ▁Yu en ▁are ▁great ▁actors , ▁specially ▁in ▁an ▁ex a gger ated ▁fight , ▁like ▁The ▁Legend ▁of ▁F ong ▁Sa i ▁Yu k ▁is ▁one ▁of ▁the ▁best ▁actors ▁in ▁this ▁movie ▁that ▁would ▁be ▁the ▁only ▁one ▁left ▁un made . </s>	1	1	[0, 1, 0, 0, 0, 0, 0, 0, 0, 1, 1, 1, 1, 0, 0, 1, 0, 0, 1, 1, 0, 0, 0, 1, 0, 0, 0, 0, 0, 0, 0, 0, 0, 0, 0, 0, 0, 0, 0, 0, 0, 0, 0, 0, 0, 0, 0, 1, 1, 1, 0, 0, 1, 0, 0, 0, 0, 0, 1, 0, 0, 0, 0, 0, 0, 0, 0, 0, 0, 0, 1, 1, 1, 1, 1, 1, 0, 1, 0, 0, 0, 1, 1, 1, 0, 1, 0, 0, 0]	[0.0, 1.0, 0.0, 0.0, 0.0, 0.0, 0.0, 0.0, 1.0, 0.0, 1.0, 1.0, 1.0, 0.0, 0.0, 1.0, 0.0, 0.0, 1.0, 0.0, 0.0, 0.0, 0.0, 1.0, 0.0, 0.0, 0.0, 0.0, 0.0, 0.0, 0.0, 0.0, 1.0, 0.0, 0.0, 0.0, 0.0, 0.0, 0.0, 0.0, 0.0, 0.0, 0.0, 0.0, 0.0, 0.0, 0.0, 1.0, 1.0, 1.0, 0.0, 0.0, 1.0, 0.0, 0.0, 0.0, 0.0, 0.0, 0.0, 0.0, 1.0, 0.0, 0.0, 0.0, 0.0, 0.0, 0.0, 0.0, 0.0, 0.0, 1.0, 1.0, 1.0, 1.0, 1.0, 1.0, 1.0, 1.0, 1.0, 0.0, 0.0, 1.0, 1.0, 1.0, 0.0, 1.0, 0.0, 0.0, 0.0]
▁Ah ▁yes , ▁the ▁ VS ▁series , ▁M VC 2 ▁being ▁the ▁pin nac le . ▁It ' s ▁been ▁said ▁before , ▁this ▁is ▁what ▁you ▁get ▁when ▁half ▁of ▁the ▁crew ▁fell ▁asleep ▁on ▁the ▁job , ▁unfortunately ▁the ▁gameplay ▁half ▁did . ▁Don ' t ▁get ▁me ▁wrong , ▁this ▁is ▁fun , ▁but ▁you ▁get ▁tired ▁of ▁ma shing ▁buttons . ▁As ▁for ▁the ▁plot ▁summary , ▁A HA HA HA HA HA AA AA ... ▁There ▁is ▁no ▁plot . ▁Beat ▁that ▁guy ▁at ▁the ▁end ▁and ▁win ! ▁E h , ▁who ▁plays ▁this ▁by ▁their ▁self ▁anyway ? </s>	0	0	[0.0, 0.0, 1.0, 1.0, 1.0, 1.0, 1.0, 1.0, 1.0, 0.0, 0.0, 0.0, 1.0, 1.0, 0.0, 0.0, 0.0, 0.0, 0.0, 0.0, 0.0, 0.0, 0.0, 1.0, 0.0, 0.0, 1.0, 0.0, 0.0, 0.0, 1.0, 0.0, 0.0, 0.0, 0.0, 0.0, 0.0, 1.0, 0.0, 1.0, 1.0, 1.0, 1.0, 1.0, 0.0, 0.0, 0.0, 0.0, 0.0, 0.0, 0.0, 0.0, 1.0, 0.0, 0.0, 1.0, 1.0, 1.0, 0.0, 0.0, 1.0, 0.0, 0.0, 0.0, 0.0, 0.0, 0.0, 1.0, 1.0, 1.0, 0.0, 1.0, 0.0, 0.0, 0.0, 0.0, 0.0, 0.0, 0.0, 0.0, 0.0, 0.0, 0.0, 1.0, 1.0, 0.0, 0.0, 0.0, 0.0, 0.0, 1.0, 1.0, 0.0, 0.0, 0.0, 0.0, 0.0, 0.0, 0.0, 0.0, 0.0, 0.0, 1.0, 0.0, 0.0, 0.0, 0.0]	▁Ah ▁yes ▁ VC 2 ▁being ▁the ▁pin nac le . ▁It ' s ▁been ▁said ▁before , ▁this ▁is ▁what ▁you ▁get ▁when ▁the ▁rest ▁of ▁the ▁crew ▁fell ▁asleep ▁on ▁the ▁job ▁and ▁did . ▁Don ' t ▁get ▁me ▁wrong , ▁this ▁is ▁where ▁you ▁get ▁lots ▁of ▁ma shing ▁buttons . ▁As ▁for ▁the ▁summary , ▁A HA HA HA HA HA AA AA ... ▁There ▁is ▁nothing ▁wrong ▁with ▁this ▁movie . ▁Beat ▁that ▁guy ▁at ▁the ▁end ▁and ▁win ! ▁E h , ▁who ▁plays ▁this ▁by ▁the ▁self ▁anyway ? </s>	1	0	[0, 0, 1, 0, 0, 0, 1, 1, 0, 0, 0, 0, 0, 0, 0, 0, 0, 1, 0, 0, 1, 0, 0, 0, 1, 1, 0, 0, 0, 0, 0, 0, 1, 0, 1, 0, 0, 0, 0, 0, 0, 0, 0, 1, 0, 0, 1, 0, 0, 1, 0, 0, 0, 0, 0, 0, 1, 1, 0, 1, 0, 0, 0, 0, 0, 0, 0, 0, 0, 0, 0, 1, 1, 1, 1, 1, 0, 0, 0, 0, 0, 1, 1, 0, 0, 0, 0, 0, 0, 0, 0, 0, 0, 1, 0, 0, 0, 0]	[0.0, 0.0, 1.0, 1.0, 0.0, 0.0, 1.0, 1.0, 0.0, 0.0, 1.0, 0.0, 0.0, 0.0, 0.0, 0.0, 0.0, 1.0, 0.0, 0.0, 1.0, 0.0, 0.0, 1.0, 0.0, 1.0, 0.0, 1.0, 1.0, 0.0, 0.0, 0.0, 1.0, 0.0, 0.0, 0.0, 0.0, 0.0, 0.0, 0.0, 0.0, 0.0, 0.0, 1.0, 0.0, 0.0, 1.0, 0.0, 0.0, 1.0, 0.0, 1.0, 0.0, 1.0, 0.0, 0.0, 1.0, 1.0, 1.0, 0.0, 0.0, 0.0, 0.0, 0.0, 0.0, 0.0, 0.0, 0.0, 0.0, 0.0, 0.0, 1.0, 1.0, 1.0, 1.0, 1.0, 0.0, 0.0, 0.0, 0.0, 0.0, 0.0, 1.0, 0.0, 0.0, 0.0, 0.0, 0.0, 0.0, 0.0, 0.0, 0.0, 0.0, 1.0, 1.0, 1.0, 0.0, 0.0]
▁Wow , ▁what ▁ a ▁ s n ooze r . ▁ Def inate ly ▁one ▁of ▁bacon ' s ▁worst ▁films . ▁The ▁bad ▁acting ▁coupled ▁with ▁ a ▁formula tic , ▁ if ▁not ▁in cred ul ous , ▁script ▁make ▁me ▁year n ▁for ▁time ▁I ▁wasted ▁on ▁viewing ▁this ▁on ▁cable ▁television ▁back . ▁Not ▁really ▁much ▁I ▁can ▁say ▁about ▁it , ▁ a ▁basketball ▁ s cou t ▁gets ▁too ▁attached ▁to ▁the ▁person ▁ he ' s ▁recruiting , ▁who ▁happens ▁to ▁belong ▁to ▁ a ▁tribe ▁that ▁happens ▁to ▁be ▁on ▁the ▁ver ge ▁of ▁war ▁which ▁happens ▁to ▁be ▁decided ▁by ▁( spo il er ) ▁ a ▁basketball ▁game . ▁Grade : ▁F + </s>	0	0	[0.0, 0.0, 1.0, 0.0, 1.0, 1.0, 1.0, 0.0, 0.0, 1.0, 1.0, 1.0, 1.0, 0.0, 0.0, 1.0, 1.0, 1.0, 1.0, 1.0, 1.0, 1.0, 1.0, 1.0, 1.0, 1.0, 1.0, 1.0, 0.0, 1.0, 1.0, 0.0, 0.0, 0.0, 0.0, 0.0, 0.0, 0.0, 0.0, 0.0, 0.0, 1.0, 1.0, 1.0, 0.0, 0.0, 1.0, 1.0, 0.0, 0.0, 1.0, 0.0, 0.0, 0.0, 0.0, 0.0, 0.0, 0.0, 1.0, 0.0, 0.0, 0.0, 0.0, 0.0, 0.0, 0.0, 1.0, 0.0, 0.0, 1.0, 0.0, 0.0, 0.0, 0.0, 0.0, 1.0, 0.0, 0.0, 1.0, 1.0, 0.0, 0.0, 0.0, 0.0, 0.0, 1.0, 1.0, 0.0, 0.0, 0.0, 0.0, 0.0, 1.0, 0.0, 0.0, 0.0, 0.0, 0.0, 0.0, 0.0, 0.0, 0.0, 0.0, 0.0, 0.0, 0.0, 0.0, 0.0, 0.0, 0.0, 0.0, 0.0, 0.0, 0.0, 0.0, 0.0, 0.0, 0.0, 0.0, 0.0, 0.0, 0.0, 0.0, 0.0, 0.0]	▁Wow , ▁Not ▁ a ▁ s n ooze r ▁who ▁de f inate ly ▁like ▁ a ▁cinema tic , ▁ if ▁not ▁in cred ul ous , ▁movie ▁year n ing , ▁but ▁I ▁wasted ▁my ▁time ▁viewing ▁this ▁on ▁cable ▁television ▁back . ▁Not ▁really ▁much ▁I ▁can ▁say ▁about ▁it , ▁ a ▁basketball ▁ s cou t ▁gets ▁really ▁attached ▁to ▁what ▁ he ' s ▁recruiting ▁and ▁happens ▁to ▁belong ▁to ▁ a ▁tribe ▁that ▁happens ▁to ▁be ▁on ▁the ▁ver ge ▁of ▁war ▁which ▁happens ▁to ▁be ▁decided ▁by ▁( spo il er ) ▁ a ▁basketball ▁game . ▁Grade : ▁F + </s>	1	0	[0, 0, 1, 0, 1, 1, 1, 0, 0, 1, 1, 1, 1, 0, 0, 1, 0, 1, 1, 0, 0, 0, 0, 0, 0, 0, 0, 0, 0, 1, 0, 0, 1, 1, 1, 0, 0, 1, 1, 0, 0, 0, 0, 0, 0, 0, 1, 0, 0, 0, 0, 0, 0, 0, 1, 0, 0, 1, 0, 0, 0, 0, 0, 1, 0, 0, 1, 0, 0, 0, 0, 0, 1, 0, 0, 0, 0, 0, 1, 0, 0, 0, 0, 0, 0, 0, 0, 0, 0, 0, 0, 0, 0, 0, 0, 0, 0, 0, 0, 0, 0, 0, 0, 0, 0, 0, 0, 0, 0, 0, 0]	[0.0, 1.0, 1.0, 1.0, 1.0, 1.0, 1.0, 1.0, 0.0, 1.0, 1.0, 0.0, 0.0, 1.0, 0.0, 1.0, 0.0, 1.0, 1.0, 0.0, 0.0, 0.0, 0.0, 0.0, 0.0, 1.0, 0.0, 0.0, 1.0, 1.0, 0.0, 0.0, 0.0, 1.0, 1.0, 0.0, 1.0, 1.0, 1.0, 0.0, 1.0, 1.0, 1.0, 0.0, 0.0, 0.0, 1.0, 1.0, 0.0, 0.0, 0.0, 0.0, 0.0, 0.0, 1.0, 0.0, 0.0, 1.0, 0.0, 0.0, 0.0, 0.0, 0.0, 1.0, 0.0, 0.0, 1.0, 0.0, 0.0, 0.0, 0.0, 0.0, 0.0, 0.0, 0.0, 0.0, 0.0, 0.0, 1.0, 1.0, 0.0, 0.0, 0.0, 0.0, 0.0, 0.0, 0.0, 0.0, 0.0, 0.0, 0.0, 0.0, 0.0, 0.0, 0.0, 0.0, 0.0, 0.0, 0.0, 0.0, 0.0, 0.0, 0.0, 1.0, 0.0, 0.0, 0.0, 0.0, 0.0, 0.0, 0.0]
▁A ▁decent ▁sequel , ▁but ▁does ▁not ▁pack ▁the ▁punch ▁of ▁the ▁original . ▁A ▁murder ous ▁screen writer ( J u d d ▁Nelson ) a s sum e s ▁new ▁identities ▁in ▁order ▁to ▁direct ▁his ▁own ▁novel ▁CA B IN ▁B Y ▁THE ▁L AKE . ▁Still ▁ rut h less ▁killing , ▁but ▁movie ▁seems ▁very ▁tongue - in - ch eek . ▁Any ▁humor ▁is ▁not ▁of ▁the ▁funny ▁kind . ▁Total ▁project ▁seems ▁to ▁have ▁the ▁quality ▁of ▁ a ▁quick i e ▁and ▁at ▁times ▁Nelson ▁is ▁way ▁over ▁the ▁top . ▁This ▁movie ▁is ▁about ▁ a ▁script ▁being ▁ re written ▁before ▁going ▁to ▁the ▁screen ... this ▁should ▁have ▁happened ▁to ▁this ▁script . </s>	0	0	[1.0, 1.0, 1.0, 1.0, 1.0, 0.0, 1.0, 0.0, 0.0, 1.0, 0.0, 1.0, 1.0, 0.0, 1.0, 1.0, 0.0, 1.0, 0.0, 0.0, 0.0, 0.0, 0.0, 0.0, 0.0, 0.0, 0.0, 0.0, 0.0, 0.0, 0.0, 0.0, 0.0, 0.0, 1.0, 0.0, 0.0, 0.0, 0.0, 1.0, 1.0, 0.0, 0.0, 0.0, 0.0, 1.0, 0.0, 1.0, 0.0, 1.0, 0.0, 1.0, 0.0, 0.0, 1.0, 1.0, 1.0, 1.0, 0.0, 1.0, 0.0, 0.0, 0.0, 0.0, 0.0, 0.0, 0.0, 1.0, 1.0, 0.0, 1.0, 0.0, 1.0, 0.0, 0.0, 0.0, 1.0, 1.0, 0.0, 0.0, 0.0, 1.0, 1.0, 0.0, 0.0, 1.0, 1.0, 0.0, 0.0, 0.0, 0.0, 0.0, 0.0, 0.0, 0.0, 0.0, 0.0, 0.0, 0.0, 0.0, 1.0, 0.0, 1.0, 0.0, 0.0, 1.0, 0.0, 0.0, 0.0, 0.0, 0.0, 0.0, 0.0, 0.0, 0.0, 0.0, 0.0, 0.0, 0.0, 0.0, 0.0, 0.0, 1.0, 0.0, 0.0]	▁The ▁movie ▁does ▁not ▁pack ▁the ▁tone ▁of ▁the ▁movie . ▁The ▁marvel l ous ▁screen writer ( J u d d ▁Nelson ) a s sum e s ▁new ▁identities ▁in ▁order ▁to ▁direct ▁his ▁own ▁RO B IN ▁B Y ▁THE ▁L IGHT . ▁The ▁acting ▁is ▁ rut h less ▁and ▁the ▁script ▁seems ▁very ▁tongue - in - ch eek . ▁The ▁script ▁is ▁not ▁of ▁any ▁funny ▁kind . ▁The ▁film ▁seems ▁to ▁have ▁some ▁kind ▁of ▁ a ▁junk i e ▁and ▁at ▁times ▁Nelson ▁is ▁way ▁over ▁the ▁top . ▁This ▁movie ▁is ▁not ▁ a ▁bad ▁movie ▁being ▁ re written ▁before ▁going ▁to ▁the ▁screen ... this ▁should ▁have ▁happened ▁to ▁this ▁movie . </s>	1	0	[1, 1, 0, 1, 0, 0, 1, 0, 1, 1, 0, 1, 1, 1, 0, 1, 0, 0, 0, 0, 0, 0, 0, 0, 0, 0, 0, 0, 0, 0, 0, 0, 1, 0, 0, 0, 0, 1, 0, 0, 0, 0, 1, 0, 1, 0, 1, 1, 1, 0, 1, 0, 0, 1, 1, 1, 0, 1, 0, 0, 0, 0, 0, 0, 0, 1, 1, 0, 1, 0, 1, 0, 0, 0, 1, 1, 0, 0, 0, 1, 1, 0, 0, 1, 1, 0, 0, 0, 0, 0, 0, 0, 0, 0, 0, 0, 0, 0, 1, 0, 1, 0, 0, 1, 1, 0, 0, 0, 0, 0, 0, 0, 0, 0, 0, 0, 0, 0, 0, 0, 0, 1, 0, 0]	[1.0, 1.0, 0.0, 1.0, 0.0, 1.0, 1.0, 0.0, 1.0, 1.0, 0.0, 0.0, 1.0, 0.0, 1.0, 1.0, 1.0, 0.0, 0.0, 0.0, 0.0, 0.0, 0.0, 0.0, 0.0, 0.0, 0.0, 0.0, 0.0, 0.0, 0.0, 1.0, 1.0, 0.0, 0.0, 0.0, 0.0, 1.0, 0.0, 0.0, 0.0, 0.0, 1.0, 0.0, 0.0, 1.0, 1.0, 1.0, 0.0, 1.0, 1.0, 0.0, 1.0, 1.0, 1.0, 1.0, 0.0, 1.0, 0.0, 0.0, 0.0, 0.0, 0.0, 0.0, 0.0, 1.0, 1.0, 0.0, 1.0, 0.0, 1.0, 0.0, 0.0, 0.0, 1.0, 1.0, 0.0, 0.0, 0.0, 0.0, 0.0, 0.0, 0.0, 0.0, 1.0, 0.0, 0.0, 0.0, 0.0, 0.0, 0.0, 0.0, 0.0, 0.0, 0.0, 0.0, 0.0, 0.0, 1.0, 0.0, 1.0, 0.0, 0.0, 1.0, 1.0, 0.0, 0.0, 0.0, 0.0, 0.0, 0.0, 0.0, 0.0, 0.0, 0.0, 0.0, 0.0, 0.0, 0.0, 0.0, 0.0, 1.0, 0.0, 0.0]
